date,season,,F1 Wave 1,F1 total,F1 Δ 1.0 R1,F2 Wave 1 1c,,F2 Wave 1 3c,,F2 Wave 2 3c,,F2 Wave 3,F2 total,F2 Δ 1.0 R1,F2 W1-1c Δ 1.0 R1,F2 W1-3c Δ 1.0 R1,F2 W2-3c Δ 1.0 R1,F2 W3 Δ 1.0 R1,F3 Wave 1 1c,,F3 Wave 1 3c,,F3 Wave 2,,F3 Wave 3,F3 Wave 4,F3 total,F3 Δ 2.6 R1,F3 W1-1c Δ 2.6 R1,F3 W1-3c Δ 2.6 R1,F3 W1-3c Δ 2.6 R1,F3 W2-3c Δ 2.6 R1,F3 W3-3c Δ 2.6 R1,F4 Wave 1,F4 Wave 2,F4 total HP,F4 Δ 2.6 R1,F3 W1-1c Δ 2.6 R1,F3 W1-3c Δ 2.6 R1,F4 Boss,,name,lv100 HP mod,color
24-05-27,1.0 R1,,"1,865,980","1,865,980",0.00%,"158,170",4,"293,017",1,,,"1,406,410","2,332,107",0.00%,0.00%,0.00%,,0.00%,,,,,,,,,,,,,,,,,,,,,,Images/crownless.webp,,Crownless,364.4493,#7c3aed
24-06-10,1.0 R2,,"1,865,980","1,865,980",0.00%,"158,170",4,"293,017",1,,,"1,406,410","2,332,107",0.00%,0.00%,0.00%,,0.00%,,,,,,,,,,,,,,,,,,,,,,Images/Sentry-Construct-Icon.webp,,Sentry Construct,,#0ea5e9
24-06-24,1.0 R3,,"1,572,963","1,572,963",-15.70%,"158,170",4,"293,017",1,,,"1,865,980","2,791,677",19.71%,0.00%,0.00%,,32.68%,,,,,,,,,,,,,,,,,,,,,,Images/phantom-feilian-beringal-icon.webp,,Felian Beringal,,#10b981
24-07-08,1.1 R1,,"1,572,963","1,572,963",-15.70%,"158,170",4,"293,017",1,,,"1,865,980","2,791,677",19.71%,0.00%,0.00%,,32.68%,,,,,,,,,,,,,,,,,,,,,,Images/Nameless_Explorer_Icon.webp,,Nameless Explorer,,#22d3ee
24-07-22,1.1 R2,,"2,145,877","2,145,877",15.00%,"181,860",4,"336,751",1,,,"1,617,062","2,681,253",14.97%,14.98%,14.93%,,14.98%,,,,,,,,,,,,,,,,,,,,,,Images/crownless.webp,,Crownless,,#7c3aed
24-08-05,1.1 R3,,"2,145,877","2,145,877",15.00%,"181,860",4,"336,751",1,,,"1,617,062","2,681,253",14.97%,14.98%,14.93%,,14.98%,,,,,,,,,,,,,,,,,,,,,,Images/Sentry-Construct-Icon.webp,,Sentry Construct,,#0ea5e9
24-08-19,1.2 R1,,"2,145,877","2,145,877",15.00%,"308,688",3,,,,,"1,761,019","2,687,083",15.22%,95.16%,,,25.21%,,,,,,,,,,,,,,,,,,,,,,Images/phantom-feilian-beringal-icon.webp,,Felian Beringal,,#10b981
24-09-02,1.2 R2,,"2,145,877","2,145,877",15.00%,"308,688",3,,,,,"1,761,019","2,687,083",15.22%,95.16%,,,25.21%,,,,,,,,,,,,,,,,,,,,,,Images/Nameless_Explorer_Icon.webp,,Nameless Explorer,,#22d3ee
24-09-16,1.2 R3,,"2,145,877","2,145,877",15.00%,,,"592,594",1,,,"1,711,818","2,304,412",-1.19%,,102.24%,,21.72%,,,,,,,,,,,,,,,,,,,,,,Images/crownless.webp,,Crownless,,#7c3aed
24-09-30,1.3 R1,,"2,145,877","2,145,877",15.00%,,,"592,594",1,,,"1,919,190","2,511,784",7.70%,,102.24%,,36.46%,,,,,,,,,,,,,,,,,,,,,,Images/Sentry-Construct-Icon.webp,,Sentry Construct,,#0ea5e9
24-10-14,1.3 R2,,"2,145,877","2,145,877",15.00%,"157,806",4,"360,075",1,,,"1,919,190","2,910,489",24.80%,-0.23%,22.89%,,36.46%,,,,,,,,,,,,,,,,,,,,,,Images/phantom-feilian-beringal-icon.webp,,Felian Beringal,,#10b981
24-10-28,1.3 R3,,"2,145,877","2,145,877",15.00%,"157,806",4,"360,075",1,,,"1,919,190","2,910,489",24.80%,-0.23%,22.89%,,36.46%,,,,,,,,,,,,,,,,,,,,,,Images/Nameless_Explorer_Icon.webp,,Nameless Explorer,,#22d3ee
24-11-11,1.3 R4,,"2,145,877","2,145,877",15.00%,"157,806",3,"360,075",2,,,"1,919,190","3,112,758",33.47%,-0.23%,22.89%,,36.46%,,,,,,,,,,,,,,,,,,,,,,Images/crownless.webp,,Crownless,,#7c3aed
24-11-25,1.4 R1,,"2,145,877","2,145,877",15.00%,"157,806",3,"360,075",2,,,"1,919,190","3,112,758",33.47%,-0.23%,22.89%,,36.46%,,,,,,,,,,,,,,,,,,,,,,Images/Sentry-Construct-Icon.webp,,Sentry Construct,,#0ea5e9
24-12-09,1.4 R2,,"2,360,538","2,360,538",26.50%,,,"373,196",1,"446,085",1,"1,919,190","2,738,471",17.42%,,27.36%,0.00%,36.46%,,,,,,,,,,,,,,,,,,,,,,Images/phantom-feilian-beringal-icon.webp,,Felian Beringal,,#10b981
24-12-23,1.4 R3,,"2,360,538","2,360,538",26.50%,,,"373,196",1,"446,085",1,"1,919,190","2,738,471",17.42%,,27.36%,0.00%,36.46%,,,,,,,,,,,,,,,,,,,,,,Images/Nameless_Explorer_Icon.webp,,Nameless Explorer,,#22d3ee
25-01-06,2.0 R1,,"2,575,199","2,575,199",38.01%,,,"336,022",1,"602,070",1,"1,919,190","2,857,282",22.52%,,14.68%,34.97%,36.46%,,,,,,,,,,,,,,,,,,,,,,Images/crownless.webp,,Crownless,,#7c3aed
25-01-20,2.0 R2,,"2,575,199","2,575,199",38.01%,,,"336,022",1,"602,070",1,"1,919,190","2,857,282",22.52%,,14.68%,34.97%,36.46%,,,,,,,,,,,,,,,,,,,,,,Images/Sentry-Construct-Icon.webp,,Sentry Construct,,#0ea5e9
25-02-03,2.0 R3,,"2,575,199","2,575,199",38.01%,,,"261,310",1,"373,196",2,"1,919,190","2,926,892",25.50%,,-10.82%,-16.34%,36.46%,,,,,,,,,,,,,,,,,,,,,,Images/phantom-feilian-beringal-icon.webp,,Felian Beringal,,#10b981
25-03-03,2.1,,"2,575,199","2,575,199",38.01%,"157,806",4,"396,520",2,,,"2,015,040","3,439,304",47.48%,-0.23%,35.32%,,43.28%,,,,,,,,,,,,,,,,,,,,,,Images/Nameless_Explorer_Icon.webp,,Nameless Explorer,,#22d3ee
25-03-31,2.2 R1,,"2,575,199","2,575,199",38.01%,,,"336,022",1,"602,070",1,"1,919,190","2,857,282",22.52%,,14.68%,34.97%,36.46%,,,,,,,,,,,,,,,,,,,,,,Images/crownless.webp,,Crownless,,#7c3aed
25-04-28,2.2 R2,,"2,703,849","2,703,849",44.90%,,,"218,669",2,"546,673",1,"2,015,040","2,999,051",28.60%,,-25.37%,22.55%,43.28%,,,,,,,,,,,,,,,,,,,,,,Images/Sentry-Construct-Icon.webp,,Sentry Construct,,#0ea5e9
25-05-26,2.3,,"2,866,029","2,866,029",53.59%,,,"328,004",1,"400,894",2,"2,135,673","3,265,465",40.02%,,11.94%,-10.13%,51.85%,,,,,,,,,,,,,,,,,,,,,,Images/phantom-feilian-beringal-icon.webp,,Felian Beringal,,#10b981
25-06-23,2.4 R1,,"3,207,154","3,207,154",71.88%,,,"400,894",2,"400,894",2,"2,186,696","3,790,272",62.53%,,36.82%,-10.13%,55.48%,,,,,,,,,,,,,,,,,,,,,,Images/Nameless_Explorer_Icon.webp,,Nameless Explorer,,#22d3ee
25-07-22,2.4 R2,,"2,866,029","2,866,029",53.59%,"218,670",7,"437,339",3,"437,339",1,"2,186,696","5,466,742",134.41%,38.25%,49.25%,-1.96%,55.48%,,,,,,,,,,,,,,,,,,,,,,Images/crownless.webp,,Crownless,,#7c3aed
25-08-18,2.5,,"3,207,154","3,207,154",71.88%,,,"400,894",2,"400,894",2,"2,186,696","3,790,272",62.53%,,36.82%,-10.13%,55.48%,,,,,,,,,,,,,,,,,,,,,,Images/Sentry-Construct-Icon.webp,,Sentry Construct,,#0ea5e9
25-09-15,2.6,,"3,207,154","3,207,154",71.88%,,,"400,894",2,"583,118",1,"2,015,040","3,399,946",45.79%,,36.82%,30.72%,43.28%,"211,381",5,,,"634,142",2,"1,895,136","3,134,264","7,354,589",0.00%,0.00%,,0.00%,0.00%,0.00%,"2,551,145","3,790,273","6,341,418",0.00%,0.00%,0.00%,Images/phantom-feilian-beringal-icon.webp,,Felian Beringal,,#10b981
25-10-13,2.7 R1,,"2,915,594","2,915,594",56.25%,,,"373,196",2,"547,038",1,"2,259,586","3,553,016",52.35%,,27.36%,22.63%,60.66%,,,"404,903",2,"546,674",2,"1,312,017","3,207,154","6,422,325",-12.68%,,0.00%,-13.79%,-30.77%,2.33%,"2,551,145","3,790,273","6,341,418",0.00%,0.00%,0.00%,Images/Nameless_Explorer_Icon.webp,,Nameless Explorer,,#22d3ee
25-11-10,2.7 R2,,"3,207,154","3,207,154",71.88%,"218,670",7,"437,339",1,"437,339",2,"2,186,696","5,029,403",115.66%,38.25%,49.25%,-1.96%,55.48%,"218,670",5,,,"809,806",2,"1,214,710","2,866,029","6,793,701",-7.63%,3.45%,,27.70%,-35.90%,-8.56%,"2,551,145","3,790,273","6,341,418",0.00%,0.00%,0.00%,Images/crownless.webp,,Crownless,,#7c3aed
25-12-08,2.8,,"3,498,713","3,498,713",87.50%,,,"437,339",2,"437,339",2,"2,624,035","4,373,391",87.53%,,49.25%,-1.96%,86.58%,,,"445,357",2,"656,009",1,"1,416,979","3,608,048","6,571,750",-10.64%,,9.99%,3.45%,-25.23%,15.12%,"2,842,705","4,227,612","7,070,317",11.49%,11.43%,11.54%,Images/Sentry-Construct-Icon.webp,,Sentry Construct,,#0ea5e9
26-01-05,3.0 R1,,"3,826,718","3,826,718",105.08%,,,"437,339",2,"1,416,979",1,"2,879,149","5,170,806",121.72%,,49.25%,217.65%,104.72%,,,"445,357",2,"656,009",1,"1,416,979","3,936,052","6,899,754",-6.18%,,9.99%,3.45%,-25.23%,25.58%,"3,097,819","4,737,841","7,835,660",23.56%,21.43%,25.00%,Images/phantom-feilian-beringal-icon.webp,,Felian Beringal,,#10b981
26-02-01,3.0 R2,,"3,826,718","3,826,718",105.08%,,,"437,339",2,"437,339",1,"2,879,149","4,191,166",79.72%,,49.25%,-1.96%,104.72%,,,"445,357",2,"656,009",1,"1,416,979","3,936,052","6,899,754",-6.18%,,9.99%,3.45%,-25.23%,25.58%,"3,097,819","4,737,841","7,835,660",23.56%,21.43%,25.00%,Images/Nameless_Explorer_Icon.webp,,Nameless Explorer,,#22d3ee
26-03-02,3.1,,"3,826,718","3,826,718",105.08%,,,"437,339",2,"437,339",1,"2,879,149","4,191,166",79.72%,,49.25%,-1.96%,104.72%,,,"445,357",2,"656,009",1,"850,260","3,936,052","6,333,035",-13.89%,,9.99%,3.45%,-55.13%,25.58%,"3,097,819","4,737,841","7,835,660",23.56%,21.43%,25.00%,Images/crownless.webp,,Crownless,,#7c3aed
26-03-30,3.2,,"3,826,718","3,826,718",105.08%,,,"437,339",2,"437,339",1,"2,879,149","4,191,166",79.72%,,49.25%,-1.96%,104.72%,,,"445,357",2,"656,009",2,"1,416,979","3,936,052","7,555,763",2.74%,,9.99%,3.45%,-25.23%,25.58%,"3,097,819","4,737,841","7,835,660",23.56%,21.43%,25.00%,Images/Sentry-Construct-Icon.webp,,Sentry Construct,,#0ea5e9
26-04-27,3.2 R2,,"3,826,718","3,826,718",105.08%,,,"437,339",2,"437,339",1,"2,879,149","4,191,166",79.72%,,49.25%,-1.96%,104.72%,,,"445,357",2,"656,009",1,"850,260","3,936,052","6,333,035",-13.89%,,9.99%,3.45%,-55.13%,25.58%,"3,097,819","4,737,841","7,835,660",23.56%,21.43%,25.00%,Images/phantom-feilian-beringal-icon.webp,,Felian Beringal,,#10b981
26-05-25,3.3,,"4,592,061","4,592,061",146.09%,,,"437,339",2,"437,339",1,"3,462,268","4,774,285",104.72%,,49.25%,-1.96%,146.18%,,,"445,357",2,"656,009",1,"885,612","4,737,841","7,170,176",-2.51%,,9.99%,3.45%,-53.27%,51.16%,"3,097,819","5,685,409","8,783,228",38.51%,21.43%,50.00%,Images/Nameless_Explorer_Icon.webp,,Nameless Explorer,,#22d3ee
26-06-22,3.4,,"5,510,473","5,510,473",195.31%,,,"437,339",2,"437,339",1,"3,462,268","4,774,285",104.72%,,49.25%,-1.96%,146.18%,,,"499,296",2,"749,672",1,"1,062,734","5,412,072","8,223,070",11.81%,,23.31%,18.22%,-43.92%,72.67%,"3,540,625","6,487,198","10,027,823",58.13%,38.79%,71.15%,Images/crownless.webp,,Crownless,364.4493,#7c3aed
26-07-20,3.5,,"5,510,473","5,510,473",195.31%,,,"437,339",2,"437,339",1,"3,462,268","4,774,285",104.72%,,49.25%,-1.96%,146.18%,,,"499,296",2,"749,672",1,"1,582,803","5,412,072","8,743,139",18.88%,,23.31%,18.22%,-16.48%,72.67%,"3,540,625","6,487,198","10,027,823",58.13%,38.79%,71.15%,Images/Sentry-Construct-Icon.webp,,Sentry Construct,,#0ea5e9